{"cameraMode":{"drawMode":0,"name":"Shaded","section":"Shading Mode"},"sceneLighting":true,"audioPlay":false,"sceneViewState":{"m_AlwaysRefresh":false,"showFog":true,"showSkybox":true,"showFlares":true,"showImageEffects":true,"showParticleSystems":true,"showVisualEffectGraphs":true,"m_FxEnabled":true},"in2DMode":false,"pivot":{"x":3.8381567001342775,"y":3.632214069366455,"z":1.1602134704589844},"rotation":{"x":0.06068028137087822,"y":0.22996434569358827,"z":-0.014367228373885155,"w":0.9712077379226685},"size":10.63085651397705,"orthographic":false}